customer_id,customer_unique_id,customer_zip_code_prefix,customer_city,customer_state,geolocation_zip_code_prefix,geolocation_lat,geolocation_lng,geolocation_city,geolocation_state,order_id,customer_id,order_status,order_purchase_timestamp,order_approved_at,order_delivered_carrier_date,order_delivered_customer_date,order_estimated_delivery_date,order_id,order_item_id,product_id,seller_id,shipping_limit_date,price,freight_value,order_id,payment_sequential,payment_type,payment_installments,payment_value,review_id,order_id,review_score,review_comment_title,review_comment_message,review_creation_date,review_answer_timestamp,product_id,product_category_name,product_name_lenght,product_description_lenght,product_photos_qty,product_weight_g,product_length_cm,product_height_cm,product_width_cm,product_category_name,product_category_name_english,seller_id,seller_zip_code_prefix,seller_city,seller_state
06b8999e2fba1a1fbc88172c00ba8bc7,861eff4711a542e4b93843c6dd7febb0,14409,franca,SP,1037,-23.54562128115268,-46.63929204800168,sao paulo,SP,e481f51cbdc54678b7cc49136f2d6af7,9ef432eb6251297304e76186b10a928d,delivered,2017-10-02 10:56:33,2017-10-02 11:07:15,2017-10-04 19:55:00,2017-10-10 21:25:13,2017-10-18 00:00:00,00010242fe8c5a6d1ba2dd792cb16214,1,4244733e06e7ecb4970a6e2683c13e61,48436dade18ac8b2bce089ec2a041202,2017-09-19 09:45:35,58.9,13.29,b81ef226f3fe1789b1e8b2acac839d17,1,credit_card,8,99.33,7bc2406110b926393aa56f80a40eba40,73fc7af87114b39712e6da79b0a377eb,4,,,2018-01-18 00:00:00,2018-01-18 21:46:59,1e9e8ef04dbcff4541ed26657ea517e5,perfumaria,40.0,287.0,1.0,225.0,16.0,10.0,14.0,beleza_saude,health_beauty,3442f8959a84dea7ee197c632cb2df15,13023,campinas,SP
18955e83d337fd6b2def6b18a428ac77,290c77bc529b7ac935b93aa66c333dc3,9790,sao bernardo do campo,SP,1046,-23.54608112703553,-46.64482029837157,sao paulo,SP,53cdb2fc8bc7dce0b6741e2150273451,b0830fb4747a6c6d20dea0b8c802d7ef,delivered,2018-07-24 20:41:37,2018-07-26 03:24:27,2018-07-26 14:31:00,2018-08-07 15:27:45,2018-08-13 00:00:00,00018f77f2f0320c557190d7a144bdd3,1,e5f2d52b802189ee658865ca93d83a8f,dd7ddc04e1b6c2c614352b383efe2d36,2017-05-03 11:05:13,239.9,19.93,a9810da82917af2d9aefd1278f1dcfa0,1,credit_card,1,24.39,80e641a11e56f04c1ad469d5645fdfde,a548910a1c6147796b98fdf73dbeba33,5,,,2018-03-10 00:00:00,2018-03-11 03:05:13,3aa071139cb16b67ca9e5dea641aaa2f,artes,44.0,276.0,1.0,1000.0,30.0,18.0,20.0,informatica_acessorios,computers_accessories,d1b65fc7debc3361ea86b5f14c68d2e2,13844,mogi guacu,SP
4e7b3e00288586ebd08712fdd0374a03,060e732b5b29e8181a18229c7b0b2b5e,1151,sao paulo,SP,1046,-23.54612896641469,-46.64295148361138,sao paulo,SP,47770eb9100c2d0c44946d9cf07ec65d,41ce2a54c0b03bf3443c3d931a367089,delivered,2018-08-08 08:38:49,2018-08-08 08:55:23,2018-08-08 13:50:00,2018-08-17 18:06:29,2018-09-04 00:00:00,000229ec398224ef6ca0657da4fc703e,1,c777355d18b72b67abbeef9df44fd0fd,5b51032eddd242adc84c38acab88f23d,2018-01-18 14:48:30,199.0,17.87,25e8ea4e93396b6fa0d3dd708e76c1bd,1,credit_card,1,65.71,228ce5500dc1d8e020d8d1322874b6f0,f9e4b658b201a9f2ecdecbb34bed034b,5,,,2018-02-17 00:00:00,2018-02-18 14:36:24,96bd76ec8810374ed1b65e291975717f,esporte_lazer,46.0,250.0,1.0,154.0,18.0,9.0,15.0,automotivo,auto,ce3ad9de960102d0677a81f5d0bb7b2d,20031,rio de janeiro,RJ
b2b6027bc5c5109e529d4dc6358b12c3,259dac757896d24d7702b9acbbff3f3c,8775,mogi das cruzes,SP,1041,-23.5443921648681,-46.63949930627844,sao paulo,SP,949d5b44dbf5de918fe9c16f97b45f8a,f88197465ea7920adcdbec7375364d82,delivered,2017-11-18 19:28:06,2017-11-18 19:45:59,2017-11-22 13:39:59,2017-12-02 00:28:42,2017-12-15 00:00:00,00024acbcdf0a6daa1e931b038114c75,1,7634da152a4610f1595efa32f14722fc,9d7a1d34a5052409006425275ba1c2b4,2018-08-15 10:10:18,12.99,12.79,ba78997921bbcdc1373bb41e913ab953,1,credit_card,8,107.78,e64fb393e7b32834bb789ff8bb30750e,658677c97b385a9be170737859d3511b,5,,Recebi bem antes do prazo estipulado.,2017-04-21 00:00:00,2017-04-21 22:02:06,cef67bcfe19066a932b7673e239eb23d,bebes,27.0,261.0,1.0,371.0,26.0,4.0,26.0,cama_mesa_banho,bed_bath_table,c0f3eea2e14555b6faeea3dd58c1b1c3,4195,sao paulo,SP
4f2d8ab171c80ec8364f7c12e35b23ad,345ecd01c38d18a9036ed96c73b8d066,13056,campinas,SP,1035,-23.541577961711493,-46.64160722329613,sao paulo,SP,ad21c59c0840e6cb83a9ceb5573f8159,8ab97904e6daea8866dbdbc4fb7aad2c,delivered,2018-02-13 21:18:39,2018-02-13 22:20:29,2018-02-14 19:46:34,2018-02-16 18:17:02,2018-02-26 00:00:00,00042b26cf59d7ce69dfabb4e55b4fd9,1,ac6c3623068f30de03045865e4e10089,df560393f3a51e74553ab94004ba5c87,2017-02-13 13:57:51,199.9,18.14,42fdf880ba16b47b59251dd489d4441a,1,credit_card,2,128.45,f7c4243c7fe1938f181bec41a392bdeb,8e6bfb81e283fa7e4f11123a3fb894f1,5,,Parabéns lojas lannister adorei comprar pela Internet seguro e prático Parabéns a todos feliz Páscoa,2018-03-01 00:00:00,2018-03-02 10:26:53,9dc1a7de274444849c219cff195d0b71,utilidades_domesticas,37.0,402.0,4.0,625.0,20.0,17.0,13.0,moveis_decoracao,furniture_decor,51a04a8a6bdcb23deccc82b0b80742cf,12914,braganca paulista,SP
879864dab9bc3047522c92c82e1212b8,4c93744516667ad3b8f1fb645a3116a4,89254,jaragua do sul,SC,1012,-23.547762303364262,-46.63536053788448,são paulo,SP,a4591c265e18cb1dcee52889e2d8acc3,503740e9ca751ccdda7ba28e9ab8f608,delivered,2017-07-09 21:57:05,2017-07-09 22:10:13,2017-07-11 14:58:04,2017-07-26 10:57:55,2017-08-01 00:00:00,00048cc3ae777c65dbb7d2a0634bc1ea,1,ef92defde845ab8450f9d70c526ef70f,6426d21aca402a131fc0a5d0960a3c90,2017-05-23 03:55:27,21.9,12.69,298fcdf1f73eb413e4d26d01b25bc1cd,1,credit_card,2,96.12,15197aa66ff4d0650b5434f1b46cda19,b18dcdf73be66366873cd26c5724d1dc,1,,,2018-04-13 00:00:00,2018-04-16 00:39:37,41d3672d4792049fa1779bb35283ed13,instrumentos_musicais,60.0,745.0,1.0,200.0,38.0,5.0,11.0,esporte_lazer,sports_leisure,c240c4061717ac1806ae6ee72be3533b,20920,rio de janeiro,RJ
fd826e7cf63160e536e0908c76c3f441,addec96d2e059c80c30fe6871d30d177,4534,sao paulo,SP,1047,-23.54627311241268,-46.64122516971552,sao paulo,SP,136cce7faa42fdb2cefd53fdc79a6098,ed0271e0b7da060a393796590e7b737a,invoiced,2017-04-11 12:22:08,2017-04-13 13:25:17,,,2017-05-09 00:00:00,00054e8431b9d7675808bcb819fb4a32,1,8d4f2bb7e93e6710a28f34fa83ee7d28,7040e82f899a04d1b434b795a43b4617,2017-12-14 12:10:31,19.9,11.85,771ee386b001f06208a7419e4fc1bbd7,1,credit_card,1,81.16,07f9bee5d1b850860defd761afa7ff16,e48aa0d2dcec3a2e87348811bcfdf22b,5,,,2017-07-16 00:00:00,2017-07-18 19:30:34,732bd381ad09e530fe0a5f457d81becb,cool_stuff,56.0,1272.0,4.0,18350.0,70.0,24.0,44.0,perfumaria,perfumery,e49c26c3edfa46d227d5121a6b6e4d37,55325,brejao,PE
5e274e7a0c3809e14aba7ad5aae0d407,57b2a98a409812fe9618067b6b8ebe4f,35182,timoteo,MG,1013,-23.546923208436723,-46.6342636964915,sao paulo,SP,6514b8ad8028c9f2cc2374ded245783f,9bdf08b4b3b52b5526ff42d37d47f222,delivered,2017-05-16 13:10:30,2017-05-16 13:22:11,2017-05-22 10:07:46,2017-05-26 12:55:51,2017-06-07 00:00:00,000576fe39319847cbb9d288c5617fa6,1,557d850972a7d6f792fd18ae1400d9b6,5996cddab893a4652a15592fb58ab8db,2018-07-10 12:30:45,810.0,70.75,3d7239c394a212faae122962df514ac7,1,credit_card,3,51.84,7c6400515c67679fbee952a7525281ef,c31a859e34e3adac22f376954e19b39d,5,,,2018-08-14 00:00:00,2018-08-14 21:36:06,2548af3e6e77a690cf3eb6368e9ab61e,moveis_decoracao,56.0,184.0,2.0,900.0,40.0,8.0,40.0,utilidades_domesticas,housewares,1b938a7ec6ac5061a66a3766e0e75f90,16304,penapolis,SP
5adf08e34b2e993982a47070956c5c65,1175e95fb47ddff9de6b2b06188f7e0d,81560,curitiba,PR,1029,-23.543769055769133,-46.63427784085132,sao paulo,SP,76c6e866289321a7c93b82b54852dc33,f54a9f0e6b351c431402b8461ea51999,delivered,2017-01-23 18:29:09,2017-01-25 02:50:47,2017-01-26 14:16:31,2017-02-02 14:08:10,2017-03-06 00:00:00,0005a1a1728c9d785b8e2b08b904576c,1,310ae3c140ff94b03219ad0adc3c778f,a416b6a846a11724393025641d4edd5e,2018-03-26 18:31:29,145.95,11.65,1f78449c87a54faf9e96e88ba1491fa9,1,credit_card,6,341.09,a3f6f7f6f433de0aefbb97da197c554c,9c214ac970e84273583ab523dfafd09b,5,,,2017-05-17 00:00:00,2017-05-18 12:05:37,37cc742be07708b53a98702e77a21a02,eletrodomesticos,57.0,163.0,1.0,400.0,27.0,13.0,17.0,telefonia,telephony,768a86e36ad6aae3d03ee3c6433d61df,1529,sao paulo,SP
4b7139f34592b3a31687243a302fa75b,9afe194fb833f79e300e37e580171f22,30575,belo horizonte,MG,1011,-23.547639550320632,-46.63603162315495,sao paulo,SP,e69bfb5eb88e0ed6a785585b27e16dbf,31ad1d1b63eb9962463f764d4e6e0c9d,delivered,2017-07-29 11:55:02,2017-07-29 12:05:32,2017-08-10 19:45:24,2017-08-16 17:14:30,2017-08-23 00:00:00,0005f50442cb953dcd1d21e1fb923495,1,4535b0e1091c278dfd193e5a1d63b39f,ba143b05f0110f0dc71ad71b4466ce92,2018-07-06 14:10:56,53.99,11.4,0573b5e23cbd798006520e1d5b4c6714,1,boleto,1,51.95,8670d52e15e00043ae7de4c01cc2fe06,b9bf720beb4ab3728760088589c62129,4,recomendo,aparelho eficiente. no site a marca do aparelho esta impresso como 3desinfector e ao chegar esta com outro nome...atualizar com a marca correta uma vez que é o mesmo aparelho,2018-05-22 00:00:00,2018-05-23 16:45:47,8c92109888e8cdf9d66dc7e463025574,brinquedos,36.0,1156.0,1.0,600.0,17.0,10.0,12.0,relogios_presentes,watches_gifts,ccc4bbb5f32a6ab2b7066a4130f114e3,80310,curitiba,PR
9fb35e4ed6f0a14a4977cd9aea4042bb,2a7745e1ed516b289ed9b29c7d0539a5,39400,montes claros,MG,1013,-23.547325128224376,-46.63418378613892,sao paulo,SP,e6ce16cb79ec1d90b1da9085a6118aeb,494dded5b201313c64ed7f100595b95c,delivered,2017-05-16 19:41:10,2017-05-16 19:50:18,2017-05-18 11:40:40,2017-05-29 11:18:31,2017-06-07 00:00:00,00061f2a7bc09da83e415a52dc8a4af1,1,d63c1011f49d98b976c352955b1c4bea,cc419e0650a3c5ba77189a1882b7556a,2018-03-29 22:28:09,59.99,8.88,d88e0d5fa41661ce03cf6cf336527646,1,credit_card,8,188.73,c9cfd2d5ab5911836ababae136c3a10c,cdf9aa68e72324eeb25c7de974696ee2,5,,,2017-12-23 00:00:00,2017-12-26 14:36:03,14aa47b7fe5c25522b47b4b29c98dcb9,cama_mesa_banho,54.0,630.0,1.0,1100.0,16.0,10.0,16.0,alimentos_bebidas,food_drink,8cb7c5ddf41f4d506eba76e9a4702a25,75110,anapolis,GO
5aa9e4fdd4dfd20959cad2d772509598,2a46fb94aef5cbeeb850418118cee090,20231,rio de janeiro,RJ,1032,-23.53841810407414,-46.634778375266734,sao paulo,SP,34513ce0c4fab462a55830c0989c7edb,7711cf624183d843aafe81855097bc37,delivered,2017-07-13 19:58:11,2017-07-13 20:10:08,2017-07-14 18:43:29,2017-07-19 14:04:48,2017-08-08 00:00:00,00063b381e2406b52ad429470734ebd5,1,f177554ea93259a5b282f24e33f65ab6,8602a61d680a10a82cceeeda0d99ea3d,2018-07-31 17:30:39,45.0,12.98,2480f727e869fdeb397244a21b721b67,1,credit_card,1,141.9,96052551d87e5f62e6c9f6974ec392e9,3d374c9e46530bb5ed4a7648915306a6,5,,,2017-12-19 00:00:00,2017-12-20 10:25:22,03b63c5fc16691530586ae020c345514,bebes,49.0,728.0,4.0,7150.0,50.0,19.0,45.0,bebes,baby,a7a9b880c49781da66651ccf4ba9ac38,13530,itirapina,SP
b2d1536598b73a9abd18e0d75d92f0a3,918dc87cd72cd9f6ed4bd442ed785235,18682,lencois paulista,SP,1014,-23.546435343326205,-46.63383023397196,sao paulo,SP,82566a660a982b15fb86e904c8d32918,d3e3b74c766bc6214e0c830b17ee2341,delivered,2018-06-07 10:06:19,2018-06-09 03:13:12,2018-06-11 13:29:00,2018-06-19 12:05:52,2018-07-18 00:00:00,0006ec9db01a64e59a68b2c340bf65a7,1,99a4788cb24856965c36a24e339b6058,4a3ca9315b744ce9f8e9374361493884,2018-07-26 17:24:20,74.0,23.32,616105c9352a9668c38303ad44e056cd,1,credit_card,1,75.78,4b49719c8a200003f700d3d986ea1a19,9d6f15f95d01e79bd1349cc208361f09,4,,"Mas um pouco ,travando...pelo valor ta Boa.
",2018-02-16 00:00:00,2018-02-20 10:52:22,cf55509ea8edaaac1d28fdb16e48fc22,instrumentos_musicais,43.0,1827.0,3.0,250.0,17.0,7.0,17.0,papelaria,stationery,8bd0f31cf0a614c658f6763bd02dea69,1222,sao paulo,SP
eabebad39a88bb6f5b52376faec28612,295c05e81917928d76245e842748184d,5704,sao paulo,SP,1012,-23.548945985189437,-46.63467113292871,sao paulo,SP,5ff96c15d0b717ac6ad1f3d77225a350,19402a48fe860416adf93348aba37740,delivered,2018-07-25 17:44:10,2018-07-25 17:55:14,2018-07-26 13:16:00,2018-07-30 15:52:25,2018-08-08 00:00:00,0008288aa423d2a3f00fcb17cd7d8719,1,368c6c730842d78016ad823897a372db,1f50f920176fa81dab994f9023523100,2018-02-21 02:55:52,49.9,13.37,cf95215a722f3ebf29e6bbab87a29e61,1,credit_card,5,102.66,23f75a37effc35d9a915b4e1ad483793,2eaf8e099d871cd5c22b83b5ea8f6e0e,4,,,2018-03-28 00:00:00,2018-03-30 15:10:55,7bb6f29c2be57716194f96496660c7c2,moveis_decoracao,51.0,2083.0,2.0,600.0,68.0,11.0,13.0,tablets_impressao_imagem,tablets_printing_image,05a48cc8859962767935ab9087417fbb,5372,sao paulo,SP
1f1c7bf1c9b041b292af6c1c4470b753,3151a81801c8386361b62277d7fa5ecf,95110,caxias do sul,RS,1037,-23.54518734081604,-46.63785524104107,são paulo,SP,432aaf21d85167c2c86ec9448c4e42cc,3df704f53d3f1d4818840b34ec672a9f,delivered,2018-03-01 14:14:28,2018-03-01 15:10:47,2018-03-02 21:09:20,2018-03-12 23:36:26,2018-03-21 00:00:00,0008288aa423d2a3f00fcb17cd7d8719,2,368c6c730842d78016ad823897a372db,1f50f920176fa81dab994f9023523100,2018-02-21 02:55:52,49.9,13.37,769214176682788a92801d8907fa1b40,1,credit_card,4,105.28,9a0abbb668bafb95a6d2b05db43284c4,d7bd0e4afdf94846eb73642b4e3e75c3,3,,,2017-04-30 00:00:00,2017-05-03 00:02:22,eb31436580a610f202c859463d8c7415,construcao_ferramentas_seguranca,59.0,1602.0,4.0,200.0,17.0,7.0,17.0,brinquedos,toys,7b8e8ec35bad4b0ef7e3963650b0a87b,88705,tubarao,SC
206f3129c0e4d7d0b9550426023f0a08,21f748a16f4e1688a9014eb3ee6fa325,13412,piracicaba,SP,1046,-23.54608112703553,-46.64482029837157,sao paulo,SP,dcb36b511fcac050b97cd5c05de84dc3,3b6828a50ffe546942b7a473d70ac0fc,delivered,2018-06-07 19:03:12,2018-06-12 23:31:02,2018-06-11 14:54:00,2018-06-21 15:34:32,2018-07-04 00:00:00,0009792311464db532ff765bf7b182ae,1,8cab8abac59158715e0d70a36c807415,530ec6109d11eaaf87999465c6afee01,2018-08-17 12:15:10,99.9,27.65,12e5cfe0e4716b59afb0e0f4a3bd6570,1,credit_card,10,157.45,3948b09f7c818e2d86c9a546758b2335,e51478e7e277a83743b6f9991dbfa3fb,5,Super recomendo,"Vendedor confiável, produto ok e entrega antes do prazo.",2018-05-23 00:00:00,2018-05-24 03:00:01,3bb7f144022e6732727d8d838a7b13b3,esporte_lazer,22.0,3021.0,1.0,800.0,16.0,2.0,11.0,telefonia_fixa,fixed_telephony,1444c08e64d55fb3c25f0f09c07ffcf2,42738,lauro de freitas,BA
a7c125a0a07b75146167b7f04a7f8e98,5c2991dbd08bbf3cf410713c4de5a0b5,22750,rio de janeiro,RJ,1039,-23.54188300998332,-46.63991946670314,sao paulo,SP,403b97836b0c04a622354cf531062e5f,738b086814c6fcc74b8cc583f8516ee3,delivered,2018-01-02 19:00:43,2018-01-02 19:09:04,2018-01-03 18:19:09,2018-01-20 01:38:59,2018-02-06 00:00:00,0009c9a17f916a706d71784483a5d643,1,3f27ac8e699df3d300ec4a5d8c5cf0b2,fcb5ace8bcc92f75707dc0f01a27d269,2018-05-02 09:31:53,639.0,11.34,61059985a6fc0ad64e95d9944caacdad,1,credit_card,1,132.04,9314d6f9799f5bfba510cc7bcd468c01,0dacf04c5ad59fd5a0cc1faa07c34e39,2,,"GOSTARIA DE SABER O QUE HOUVE, SEMPRE RECEBI E ESSA COMPRA AGORA ME DECPCIONOU",2018-01-18 00:00:00,2018-01-20 21:25:45,6a2fb4dd53d2cdb88e0432f1284a004c,perfumaria,39.0,346.0,2.0,400.0,27.0,5.0,20.0,ferramentas_jardim,garden_tools,166e8f1381e09651983c38b1f6f91c11,88780,imbituba,SC
c5c61596a3b6bd0cee5766992c48a9a1,b6e99561fe6f34a55b0b7da92f8ed775,7124,guarulhos,SP,1024,-23.541389521053937,-46.62989908781218,são paulo,SP,116f0b09343b49556bbad5f35bee0cdf,3187789bec990987628d7a9beb4dd6ac,delivered,2017-12-26 23:41:31,2017-12-26 23:50:22,2017-12-28 18:33:05,2018-01-08 22:36:36,2018-01-29 00:00:00,000aed2e25dbad2f9ddb70584c5a2ded,1,4fa33915031a8cde03dd0d3e8fb27f01,fe2032dab1a61af8794248c8196565c9,2018-05-16 20:57:03,144.0,8.77,79da3f5fe31ad1e454f06f95dc032ad5,1,credit_card,1,98.94,8e15a274d95600fa14f8be64e37a0e67,ff1581e08b3011021e7c7de592ddc81e,5,,,2018-03-24 00:00:00,2018-03-26 15:58:32,a1b71017a84f92fd8da4aeefba108a24,informatica_acessorios,59.0,636.0,1.0,900.0,40.0,15.0,20.0,fashion_bolsas_e_acessorios,fashion_bags_accessories,e38db885400cd35c71dfd162f2c1dbcf,70740,brasilia,DF
9b8ce803689b3562defaad4613ef426f,7f3a72e8f988c6e735ba118d54f47458,5416,sao paulo,SP,1009,-23.54693540437998,-46.63658792659698,sao paulo,SP,85ce859fd6dc634de8d2f1e290444043,059f7fc5719c7da6cbafe370971a8d70,delivered,2017-11-21 00:03:41,2017-11-21 00:14:22,2017-11-23 21:32:26,2017-11-27 18:28:00,2017-12-11 00:00:00,000c3e6612759851cc3cbb4b83257986,1,b50c950aba0dcead2c48032a690ce817,218d46b86c1881d022bce9c68a7d4b15,2017-08-21 03:33:13,99.0,13.71,8ac09207f415d55acff302df7d6a895c,1,credit_card,4,244.15,fdbdb2629a7cde0f66657acc92084e7f,70a752414a13d09cc1f2b437b914b28e,3,,,2017-09-29 00:00:00,2017-10-02 01:12:49,a0736b92e52f6cead290e30b578413b6,moveis_decoracao,56.0,296.0,2.0,1700.0,100.0,7.0,15.0,eletroportateis,small_appliances,d2e753bb80b7d4faa77483ed00edc8ca,45810,porto seguro,BA
49d0ea0986edde72da777f15456a0ee0,3e6fd6b2f0d499456a6a6820a40f2d79,68485,pacaja,PA,1046,-23.54588427921401,-46.64316319124004,sao paulo,SP,83018ec114eee8641c97e08f7b4e926f,7f8c8b9c2ae27bf3300f670c3d478be8,delivered,2017-10-26 15:54:26,2017-10-26 16:08:14,2017-10-26 21:46:53,2017-11-08 22:22:00,2017-11-23 00:00:00,000e562887b1f2006d75e0be9558292e,1,5ed9eaf534f6936b51d0b6c5e4d5c2e9,8cbac7e12637ed9cffa18c7875207478,2018-02-28 12:08:37,25.0,16.11,b2349a3f20dfbeef62e7b31baa22f84b,1,credit_card,3,136.71,373cbeecea8286a2b66c97b1b157ec46,583174fbe37d3d5f0d6661be3aad1786,1,Não chegou meu produto ,Péssimo,2018-08-15 00:00:00,2018-08-15 04:10:37,f53103a77d9cf245e579ea37e5ec51f0,cama_mesa_banho,52.0,206.0,1.0,500.0,16.0,10.0,16.0,consoles_games,consoles_games,f9ec7093df3a7b346b7bcf7864069ca3,5138,sao paulo,SP
154c4ded6991bdfa3cd249d11abf4130,e607ede0e63436308660236f5a52da5e,88034,florianopolis,SC,1046,-23.545165891770928,-46.643785796266464,sao paulo,SP,203096f03d82e0dffbc41ebc2e2bcfb7,d2b091571da224a1b36412c18bc3bbfe,delivered,2017-09-18 14:31:30,2017-09-19 04:04:09,2017-10-06 17:50:03,2017-10-09 22:23:46,2017-09-28 00:00:00,000e63d38ae8c00bbcb5a30573b99628,1,553e0e7590d3116a072507a3635d2877,1c129092bf23f28a5930387c980c0dfc,2018-03-29 20:07:49,47.9,8.88,5a1f6d22f7dfb061ef29216b9af687a1,1,credit_card,4,47.69,a2ff510ca4e059c3fefc7a7866571f6f,a9953b2f0b1665ac7586cc5a6ac8f58c,4,,,2017-10-06 00:00:00,2017-10-08 22:36:05,1c1890ba1779090cd54008a3c3302921,moveis_decoracao,27.0,158.0,4.0,2550.0,29.0,24.0,45.0,audio,audio,4e6015589b781adaa5ce7f1892d06bb1,11440,guaruja,SP
690172ab319622688d3b4df42f676898,a96d5cfa0d3181817e2b946f921ea021,74914,aparecida de goiania,GO,1020,-23.55223547100232,-46.6284406588955,são paulo,SP,f848643eec1d69395095eb3840d2051e,4fa1cd166fa598be6de80fa84eaade43,delivered,2018-03-15 08:52:40,2018-03-15 09:09:31,2018-03-15 19:52:48,2018-03-19 18:08:32,2018-03-29 00:00:00,000e906b789b55f64edcb1f84030f90d,1,57d79905de06d8897872c551bfd09358,ea8482cd71df3c1969d7b9473ff13abc,2017-11-27 19:09:02,21.99,11.85,4214cda550ece8ee66441f459dc33a8c,1,credit_card,2,170.57,80c70bc263881ba6525f6cee1d94ac87,ae168dfba236919411fe08f336fefa44,5,,,2018-03-17 00:00:00,2018-04-04 19:41:11,518ef5de2c2b3a255e326a4594ba15d9,cama_mesa_banho,27.0,329.0,2.0,800.0,36.0,8.0,16.0,fashion_calcados,fashion_shoes,4cf490a58259286ada5ba8525ba9e84a,14910,tabatinga,SP
2938121a40a20953c43caa8c98787fcb,482441ea6a06b1f72fe9784756c0ea75,5713,sao paulo,SP,1011,-23.546690486964888,-46.6354469588072,são paulo,SP,2807d0e504d6d4894d41672727bc139f,72ae281627a6102d9b3718528b420f8a,delivered,2018-02-03 20:37:35,2018-02-03 20:50:22,2018-02-05 22:37:28,2018-02-08 16:13:46,2018-02-21 00:00:00,000f25f4d72195062c040b12dce9a18a,1,1c05e0964302b6cf68ca0d15f326c6ba,7c67e1448b00f6e969d365cea6b010ab,2018-03-21 11:10:11,119.99,44.4,adfbf6c2a620196f9a3ec747491c72b7,1,credit_card,4,67.5,d21bbc789670eab777d27372ab9094cc,4fc44d78867142c627497b60a7e0228a,5,Ótimo,Loja nota 10,2018-07-10 00:00:00,2018-07-11 14:10:25,e3e020af31d4d89d2602272b315c3f6e,beleza_saude,58.0,1987.0,3.0,75.0,21.0,7.0,13.0,cool_stuff,cool_stuff,f7496d659ca9fdaf323c0aae84176632,4156,sao paulo,SP
237098a64674ae89babdc426746260fc,4390ddbb6276a66ff1736a6710205dca,82820,curitiba,PR,1043,-23.546656718016017,-46.64078762115524,são paulo,SP,95266dbfb7e20354baba07964dac78d5,a166da34890074091a942054b36e4265,delivered,2018-01-08 07:55:29,2018-01-08 08:07:31,2018-01-24 23:16:37,2018-01-26 17:32:38,2018-02-21 00:00:00,001021efaa8636c29475e7734483457d,1,5d7c23067ed3fc8c6e699b9373d5890b,6560211a19b47992c3666cc44a7e94c0,2018-03-05 09:35:41,49.0,15.1,4d680edbaa7d3d9bed69532957368a03,1,credit_card,10,353.09,7bcb3c758c67f23638262c731493e848,7c9956750739a47dba7a6928ba2f0245,5,,,2017-09-09 00:00:00,2017-10-17 02:25:47,8b41fbc2b984a12030090112324d1bc4,bebes,55.0,1627.0,1.0,500.0,20.0,13.0,13.0,malas_acessorios,luggage_accessories,2ff97219cb8622eaf3cd89b7d9c09824,13320,salto,SP
cb721d7b4f271fd87011c4c83462c076,a5844ba4bfc8d0cc61d13027c7e63bcc,8225,sao paulo,SP,1050,-23.549773516504185,-46.64559900666509,sao paulo,SP,f3e7c359154d965827355f39d6b1fdac,62b423aab58096ca514ba6aa06be2f98,delivered,2018-08-09 11:44:40,2018-08-10 03:24:51,2018-08-10 12:29:00,2018-08-13 18:24:27,2018-08-17 00:00:00,0010b2e5201cc5f1ae7e9c6cc8f5bd00,1,5a419dbf24a8c9718fe522b81c69f61a,3504c0cb71d7fa48d967e0e4c94d59d9,2017-09-15 18:04:37,48.9,16.6,8cd68144cdb62dc0d60848cf8616d2a4,1,boleto,1,330.66,0e0190b9db53b689b285d3f3916f8441,79832b7cb59ac6f887088ffd686e1d5e,5,,obrigado pela atençao amim dispensada,2017-12-01 00:00:00,2017-12-09 22:58:58,d03bd02af9fff4b98f1c972315e5e9ef,moveis_decoracao,56.0,209.0,1.0,1800.0,40.0,10.0,30.0,climatizacao,air_conditioning,8bd0e3abda539b9479c4b44a691be1ec,98910,tres de maio,RS
f681356046d9fde60e70c73a18d65ea2,5f102dd37243f152aec3607970aad100,9121,santo andre,SP,1045,-23.541593762969622,-46.64189378810082,sao paulo,SP,fbf9ac61453ac646ce8ad9783d7d0af6,3a874b4d4c4b6543206ff5d89287f0c3,delivered,2018-02-20 23:46:53,2018-02-22 02:30:46,2018-02-26 22:25:22,2018-03-21 22:03:54,2018-03-12 00:00:00,00119ff934e539cf26f92b9ef0cdfed8,1,21b1c2f67a9aafb5af0eb06c13b9dbda,c864036feaab8c1659f65ea4faebe1da,2017-08-11 00:35:12,219.9,16.98,5cfd514482e22bc992e7693f0e3e8df7,2,voucher,1,45.17,66e4430c5bc6b7e3773886bf1c14d912,84cec4f65c7a4f2f54c294a30224a594,5,,,2017-06-23 00:00:00,2017-06-27 00:52:02,8ba4f2a4ae695d26e5626c1bf710975e,utilidades_domesticas,52.0,968.0,1.0,900.0,50.0,5.0,50.0,construcao_ferramentas_construcao,construction_tools_construction,2a1348e9addc1af5aaa619b1a3679d6b,30494,belo horizonte,MG
167bd30a409e3e4127df5a9408ebd394,9c0096673baf55453a50073f12d1a37f,74310,goiania,GO,1009,-23.545429533441077,-46.63571531432852,sao paulo,SP,acce194856392f074dbf9dada14d8d82,7e20bf5ca92da68200643bda76c504c6,delivered,2018-06-04 00:00:13,2018-06-05 00:35:10,2018-06-05 13:24:00,2018-06-16 15:20:55,2018-07-18 00:00:00,0011d82c4b53e22e84023405fb467e57,1,c389f712c4b4510bc997cee93e8b1a28,bfd27a966d91cfaafdb25d076585f0da,2018-01-29 21:51:25,289.0,26.33,d0a945f85ba1074b60aac97ade7e240e,1,credit_card,2,541.0,bf566b3910c328733baf7fca7d2be041,a59a15e4b6085c752d338431dc68d464,4,,,2017-11-01 00:00:00,2017-11-01 20:25:30,f6574524b07d5bb753bab6f35abe2d06,malas_acessorios,52.0,573.0,5.0,3600.0,35.0,25.0,50.0,moveis_cozinha_area_de_servico_jantar_e_jardim,kitchen_dining_laundry_garden_furniture,2078fe5066350e7d220c0ad3a3bbc6c1,86707,arapongas,PR
6e359a57a91f84095cc64e1b351aef8c,2e6a42a9b5cbb0da62988694f18ee295,4571,sao paulo,SP,1007,-23.550392524842728,-46.63730164071784,sao paulo,SP,dd78f560c270f1909639c11b925620ea,8b212b9525f9e74e85e37ed6df37693e,delivered,2018-03-12 01:50:26,2018-03-12 03:28:34,2018-03-12 21:06:37,2018-03-21 14:41:50,2018-03-28 00:00:00,00125cb692d04887809806618a2a145f,1,1c0c0093a48f13ba70d0c6b0a9157cb7,41b39e28db005d9731d9d485a83b4c38,2017-03-29 13:05:42,109.9,25.51,c39414c195d0f94c9d9c35e7c6ed4f1a,1,credit_card,2,139.22,fe3db7c069d694bab50cc43463f91608,2ca73e2ff9e3a186ad1e1ffb9b1d9c10,5,,"A compra foi realizada facilmente.
A entrega foi efetuada muito antes do prazo dado.
O produto já começou a ser usado e até o presente,
sem problemas.",2018-03-23 00:00:00,2018-04-01 00:27:51,c78b767da00efb70c1bcccab87c28cd5,informatica_acessorios,35.0,1101.0,2.0,300.0,42.0,2.0,30.0,construcao_ferramentas_jardim,costruction_tools_garden,116ccb1a1604bc88e4d234a8c23f33de,9850,sao bernardo do campo,SP
e0eea8f69a457b3f1fa246e44c9ebefd,4d221875624017bc47b4d1ce7314a5b7,29311,cachoeiro de itapemirim,ES,1032,-23.5398418758395,-46.63514797691531,são paulo,SP,91b2a010e1e45e6ba3d133fa997597be,cce89a605105b148387c52e286ac8335,delivered,2018-05-02 11:45:38,2018-05-03 12:55:01,2018-05-10 16:16:00,2018-05-16 20:56:24,2018-05-23 00:00:00,00130c0eee84a3d909e75bc08c5c3ca1,1,89321f94e35fc6d7903d36f74e351d40,16090f2ca825584b5a147ab24aa30c86,2018-06-14 05:16:24,27.9,7.94,5d9c5817e278892b7498d90bfa28ade8,1,credit_card,2,290.16,e07eee7ad7666276bd8b27fbd83fd1ff,68b3cbc68e4cd1fe19bec35f1d3bb7ee,5,,relógio muito bonito e barato.,2018-03-29 00:00:00,2018-04-02 14:19:31,a0253d43394dd4da9a5d7b1f546f1a32,informatica_acessorios,59.0,1890.0,2.0,740.0,23.0,13.0,13.0,fashion_roupa_masculina,fashion_male_clothing,430315b7bb4b6e4b3c978f9dfa9b0558,4857,sao paulo,SP
e3109970a3fe8021d5ff82c577ce5606,a8654e2af5da6bb72f52c22b164855e1,5528,sao paulo,SP,1041,-23.543539449073783,-46.64057731057763,sao paulo,SP,ecab90c9933c58908d3d6add7c6f5ae3,761df82feda9778854c6dafdaeb567e4,delivered,2018-02-25 13:50:30,2018-02-25 14:47:35,2018-02-26 22:28:50,2018-03-27 23:29:14,2018-04-13 00:00:00,0013503b13da1eac686219390b7d641b,1,38afdf723b95d455b418a0f57d623c6b,1554a68530182680ad5c8b042c3ab563,2017-12-13 03:16:36,119.9,17.32,b69b9260e79a0da00e15f48de1bd2524,1,boleto,1,283.34,2c5e27fc178bde7ac173c9c62c31b070,0ce9a24111d850192a933fcaab6fbad3,1,,Não gostei ! Comprei gato por lebre,2017-12-13 00:00:00,2017-12-16 07:14:07,051b9ff13dd55c0a6655a15ff296f80d,esporte_lazer,50.0,529.0,2.0,3600.0,62.0,23.0,23.0,pet_shop,pet_shop,406822777a0b9eb5c50e442dd4cd3ec5,18500,tatui,SP
261cb4f92498ca05d5bd1a327a261d9c,424aca6872c5bab80780a8dec03b7516,12235,sao jose dos campos,SP,1005,-23.549819091869107,-46.63560588995324,sao paulo,SP,f70a0aff17df5a6cdd9a7196128bd354,456dc10730fbdba34615447ea195d643,delivered,2017-08-10 11:58:33,2017-08-12 02:45:24,2017-08-17 15:35:07,2017-08-18 14:28:02,2017-08-23 00:00:00,00137e170939bba5a3134e2386413108,1,672e757f331900b9deea127a2a7b79fd,e59aa562b9f8076dd550fcddf0e73491,2017-11-30 06:30:55,397.0,24.65,f45074ae38f2e01d9b854ec8d40362ff,1,credit_card,1,13.78,540e7bbb2d06cfb7f85f3a88ba7ac97f,cf73e2cb1f4a9480ed70c154da3d954a,5,,,2018-01-18 00:00:00,2018-01-18 19:12:30,47859fca9dd7485cbd93c3e8993bb74f,cama_mesa_banho,45.0,206.0,1.0,650.0,16.0,10.0,16.0,moveis_escritorio,office_furniture,4dbd95a08b31ede5c82d3f861cb1ce1a,80210,curitiba,PR
6f92779347724b67e44e3224f3b4cffd,bf4862777db128507e9efcc789215e9b,18130,sao roque,SP,1037,-23.54670459977496,-46.64033633250615,são paulo,SP,1790eea0b567cf50911c057cf20f90f9,52142aa69d8d0e1247ab0cada0f76023,delivered,2018-04-16 21:15:39,2018-04-16 22:10:26,2018-04-18 13:05:09,2018-05-05 12:28:34,2018-05-15 00:00:00,001427c0ec99cf8af737bd88e92fd444,1,28b4eced95a52d9c437a4caf9d311b95,77530e9772f57a62c906e1c21538ab82,2018-04-12 19:08:28,59.9,23.35,81cedc4d2132eb6f512354166e51b187,1,credit_card,1,30.28,6a18a4001ae7fd911b3b9fb13686d105,8ba3f3a9292fbc22a8b7dff752bbcd37,5,,,2017-07-19 00:00:00,2017-07-20 10:38:48,e1d1d22e9f8122a4ec1533b032c12562,ferramentas_jardim,49.0,1163.0,9.0,2150.0,70.0,8.0,34.0,market_place,market_place,e9e446d01bd10a97a8ffcfc4a3a20cb2,2261,sao paulo,SP
2d5831cb2dff7cdefba62e950ae3dc7b,e9dd12dca17352644a959d9dea133935,42800,camacari,BA,1017,-23.55001091199737,-46.63116636914989,são paulo,SP,989225ba6d0ebd5873335f7e01de2ae7,816f8653d5361cbf94e58c33f2502a5c,delivered,2017-12-12 13:56:04,2017-12-14 13:54:13,2017-12-16 00:18:57,2018-01-03 18:03:36,2018-01-08 00:00:00,00143d0f86d6fbd9f9b38ab440ac16f5,1,e95ee6822b66ac6058e2e4aff656071a,a17f621c590ea0fab3d5d883e1630ec6,2017-10-20 16:07:52,21.33,15.1,595f598849d89203c28d05d0fbf3f92e,1,credit_card,1,26.58,58044bca115705a48fe0e00a21390c54,68e55ca79d04a79f20d4bfc0146f4b66,1,,"Sempre compro pela Internet e a entrega ocorre antes do prazo combinado, que acredito ser o prazo máximo. No stark o prazo máximo já se esgotou e ainda não recebi o produto.",2018-04-08 00:00:00,2018-04-09 12:22:39,20e37962088a4061d3578def47a8648b,moveis_decoracao,60.0,208.0,1.0,800.0,40.0,10.0,34.0,eletronicos,electronics,d52cbce9845184537284a23c3bc3da0e,88495,garopaba,SC
b2bed119388167a954382cca36c4777f,e079b18794454de9d2be5c12b4392294,27525,resende,RJ,1046,-23.54532011933758,-46.64406863434122,sao paulo,SP,d887b52c6516beb39e8cd44a5f8b60f7,d9ef95f98d8da3b492bb8c0447910498,delivered,2018-02-03 12:38:58,2018-02-03 12:50:30,2018-02-05 21:26:53,2018-02-22 00:07:55,2018-03-07 00:00:00,00143d0f86d6fbd9f9b38ab440ac16f5,2,e95ee6822b66ac6058e2e4aff656071a,a17f621c590ea0fab3d5d883e1630ec6,2017-10-20 16:07:52,21.33,15.1,f9d0ec2fa088ac583e1ccd15b6686073,1,credit_card,1,89.68,19a52a2297e5289ab4187d238d335982,677c865b89aa97e7dbeb4bfbb50bbcfd,5,,,2018-08-25 00:00:00,2018-08-26 22:02:59,1eba879220bd0981a0e2fbab499ed4e1,moveis_escritorio,57.0,476.0,1.0,8950.0,52.0,51.0,17.0,eletrodomesticos,home_appliances,d9a84e1403de8da0c3aa531d6d108ba6,3562,sao paulo,SP
469634941c27cd844170935a3cf60b95,ef07ba9aa5226f77264ffa5762b2280b,81750,curitiba,PR,1019,-23.552151883432384,-46.63080224715792,sao paulo,SP,b276e4f8c0fb86bd82fce576f21713e0,cf8ffeddf027932e51e4eae73b384059,delivered,2018-07-29 23:34:51,2018-07-29 23:45:15,2018-07-30 14:43:00,2018-07-31 22:48:50,2018-08-06 00:00:00,00143d0f86d6fbd9f9b38ab440ac16f5,3,e95ee6822b66ac6058e2e4aff656071a,a17f621c590ea0fab3d5d883e1630ec6,2017-10-20 16:07:52,21.33,15.1,e647bf617de735448a4ba54f8910393c,1,credit_card,1,65.09,c92cdd7dd544a01aa35137f901669cdf,37e7875cdce5a9e5b3a692971f370151,4,Muito bom.,"Recebi exatamente o que esperava. As demais encomendas de outros vendedores atrasaram, mas esta chegou no prazo.",2018-06-07 00:00:00,2018-06-09 18:44:02,ce5b91848b91118daffb3af53b747475,esporte_lazer,50.0,699.0,4.0,1388.0,34.0,9.0,31.0,artigos_de_festas,party_supplies,9c690ceacd5c66731bf443ea810195cb,37650,camanducaia,MG
df0aa5b8586495e0ddf6b601122e43a1,85d234692f7bee8d6fea586e237334b6,13175,sumare,SP,1032,-23.540774688874112,-46.63551484303775,sao paulo,SP,8563039e855156e48fccee4d611a3196,5f16605299d698660e0606f7eae2d2f9,delivered,2018-02-17 15:59:46,2018-02-17 16:15:34,2018-02-20 23:03:56,2018-03-20 00:59:25,2018-03-20 00:00:00,0014ae671de39511f7575066200733b7,1,23365beed316535b4105bd800c46670e,92eb0f42c21942b6552362b9b114707d,2017-05-29 03:15:24,16.5,14.1,b2bb080b6bc860118a246fd9b6fad6da,1,credit_card,1,173.84,c0f4c8301f8c29d6f53d239e194bb4c2,04db86e3493b3724ac4bd3c9a397e23c,5,,,2017-09-12 00:00:00,2017-09-13 14:33:49,5370b82a213393979691c98074265584,bebes,52.0,708.0,9.0,7950.0,33.0,30.0,44.0,casa_conforto,home_confort,1f9ab4708f3056ede07124aad39a2554,17602,tupa,SP
41c8f4b570869791379a925899a6af8a,fe3634ccefbcdb0537b45fd589e32e8e,7170,guarulhos,SP,1017,-23.5492954052167,-46.63207469510652,sao paulo,SP,60550084e6b4c0cb89a87df1f3e5ebd9,f5458ddc3545711efa883dd7ae7c4497,delivered,2018-02-21 18:15:12,2018-02-23 02:10:52,2018-02-27 18:52:09,2018-03-13 23:58:43,2018-03-29 00:00:00,0015ebb40fb17286bea51d4607c4733c,1,50fd2b788dc166edd20512370dac54df,8b321bb669392f5163d04c59e235e066,2018-01-18 09:11:24,21.9,15.1,23f10f509600c30cf2852f9dbdf28fc3,1,credit_card,1,103.49,08c9d79ec0eba1d252e3f52f14b8e6a9,e029f708df3cc108b3264558771605c6,5,Bom,"Recomendo ,",2018-06-13 00:00:00,2018-06-13 22:54:44,b8dac5113b06a97e64943234522572b9,automotivo,43.0,1062.0,2.0,6000.0,87.0,3.0,42.0,construcao_ferramentas_ferramentas,costruction_tools_tools,1961c3e1272bfeceb05d0b78b5bbfdaf,7241,guarulhos,SP
54f755c3fd2709231f9964a1430c5218,40febde16f4718a5def537786473b0be,93415,novo hamburgo,RS,1050,-23.549009406053425,-46.64281228183975,sao paulo,SP,5acce57f8d9dfd55fa48e212a641a69d,295ae9b35379e077273387ff64354b6f,delivered,2017-07-31 21:37:10,2017-08-02 02:56:02,2017-08-03 18:32:48,2017-08-08 21:24:41,2017-08-22 00:00:00,00169e31ef4b29deaae414f9a5e95929,1,b10eba910a974df70b8a12d0665cdb9e,a3e9a2c700480d9bb01fba070ba80a0e,2018-01-23 03:35:47,39.0,16.11,f86f6472fa9f395d8d9a6751ca118afb,1,credit_card,1,64.03,2170c9452c2216457b36003fe2969fbb,af32671d0b8ce510a94d9111d97371d3,5,,muito boa ,2018-03-22 00:00:00,2018-03-30 23:37:25,750cf819d127191920eda79a4b6fb479,eletronicos,31.0,806.0,1.0,263.0,18.0,12.0,16.0,agro_industria_e_comercio,agro_industry_and_commerce,d3e7d37c0df9aef383f3f2a15b0dddfb,83050,sao jose dos pinhais,PR
4c06b42fbf7b97ab10779cda5549cd1c,07d190f123147d9e89d4b922543d7948,65075,sao luis,MA,1050,-23.548755593946588,-46.642789203733535,sao paulo,SP,434d158e96bdd6972ad6e6d73ddcfd22,2a1dfb647f32f4390e7b857c67458536,delivered,2018-06-01 12:23:13,2018-06-05 03:35:15,2018-06-08 11:49:00,2018-06-18 21:32:52,2018-07-17 00:00:00,0016dfedd97fc2950e388d2971d718c7,1,4089861a1bd4685da70bddd6b4f974f1,a35124e2d763d7ca3fbe3b97d143200f,2017-05-05 10:05:12,49.75,20.8,1dcf0c8cd36ffaf57784fbdc90079310,1,credit_card,3,157.15,b193ff3c9f32a01f3a0d9ae26b94d244,e2e6ee1ed2d7f2f36b05d234983bd7a0,5,Maravilhoso!,"Tô completamente apaixonada, loja super responsável e confiável!",2018-08-10 00:00:00,2018-08-11 00:22:13,e6af694343b45b56304ad91974a110b9,utilidades_domesticas,37.0,352.0,1.0,3900.0,19.0,20.0,15.0,moveis_colchao_e_estofado,furniture_mattress_and_upholstery,ec2e006556300a79a5a91e4876ab3a56,3445,sao paulo,SP
b6368ca0f56d4632f44d58ca431487b2,dd992305cba295d997f263dbdf4e8c2e,88104,sao jose,SC,1027,-23.538301166801343,-46.63076391104508,sao paulo,SP,7206b86ea789983f7a273ea7fa0bc2a8,3391c4bc11a817e7973e498b0b023158,delivered,2018-03-26 17:12:18,2018-03-26 17:28:27,2018-03-28 17:22:53,2018-04-05 22:11:18,2018-04-12 00:00:00,0017afd5076e074a48f1f1a4c7bac9c5,1,fe59a1e006df3ac42bf0ceb876d70969,25c5c91f63607446a97b143d2d535d31,2017-04-24 22:25:19,809.1,44.29,00d8d65b666158b633f96054d31af43b,1,boleto,1,130.88,9fd59cd04b42f600df9f25e54082a8d1,3c314f50bc654f3c4e317b055681dff9,1,,Nada de chegar o meu pedido.,2017-04-21 00:00:00,2017-04-23 05:37:03,680874c570dad71c0a2844cfbf417054,moveis_decoracao,47.0,502.0,1.0,600.0,25.0,25.0,25.0,livros_tecnicos,books_technical,b2a6d334e2833acea353624840e25a0e,4133,sao paulo,SP
4a0e66fd30684aa1409cd1b66fec77cc,86085586aaa8c5f47ed0b400da64c59d,7176,guarulhos,SP,1050,-23.54985418067981,-46.643139396906825,sao paulo,SP,1e7aff52cdbb2451ace09d0f848c3699,ddaff536587109b89777e0353215e150,delivered,2017-05-19 18:53:40,2017-05-19 19:05:17,2017-05-22 10:16:07,2017-05-31 13:58:46,2017-06-12 00:00:00,001862358bf858722e1e2ae000cfed8b,1,c6dd917a0be2a704582055949915ab32,7a67c85e85bb2ce8582c35f2203ad736,2018-02-13 19:10:37,99.99,13.72,cf30fe76d1505192acee1c6dccb15545,1,credit_card,2,47.72,ab3056e4fb5a36df4b58c1746e4a6b8f,aad1dcbe4c9fe2e3486e5e04c6649097,2,,,2018-05-13 00:00:00,2018-05-14 16:29:15,8b3a9476f74f5297f7ff0ec6d95fe1ea,moveis_decoracao,63.0,254.0,2.0,2050.0,49.0,13.0,41.0,casa_construcao,home_construction,d3674f271c91f824f82d24d92011f669,72233,brasilia,DF
c168abb9077b7821adae01dc1f0886c5,5ad58a4e6a1a656b6bed070cadbaa003,35960,santa barbara,MG,1013,-23.5471192492354,-46.634232699405686,sao paulo,SP,6ea2f835b4556291ffdc53fa0b3b95e8,c7340080e394356141681bd4c9b8fe31,delivered,2017-11-24 21:27:48,2017-11-25 00:21:09,2017-12-13 21:14:05,2017-12-28 18:59:23,2017-12-21 00:00:00,0019c29108428acffd089c36103c9440,1,28b4eced95a52d9c437a4caf9d311b95,77530e9772f57a62c906e1c21538ab82,2018-03-12 06:50:26,59.9,19.95,d3e774a185c0b1b2286ffd6c70abe2e6,1,credit_card,8,117.74,eb26c2bfb5030f57dcef30d3f111eb1e,88096595631e8d26b658306256e3ce34,1,,,2018-02-08 00:00:00,2018-02-10 04:28:43,1c6fb703c624b381a20f21f757694866,brinquedos,33.0,471.0,2.0,725.0,22.0,17.0,15.0,instrumentos_musicais,musical_instruments,768de2a4fc06aacecb9a586ccc30746a,70645,brasilia,DF
a3b0fda37bae14cf754877bed475e80c,c9158d089637ab443c78984d20da7fc0,5727,sao paulo,SP,1033,-23.54032130474925,-46.636394815973325,sao paulo,SP,948097deef559c742e7ce321e5e58919,8644be24d48806bc3a88fd59fb47ceb1,delivered,2017-08-04 17:10:39,2017-08-04 17:25:11,2017-08-07 17:52:01,2017-08-12 14:08:40,2017-09-01 00:00:00,001ab0a7578dd66cd4b0a71f5b6e1e41,1,0b0172eb0fd18479d29c3bc122c058c2,5656537e588803a555b8eb41f07a944b,2018-01-04 02:33:42,24.89,17.63,32b1d8f3789a57f1f752e20ac7404b4c,1,boleto,1,56.6,caf7d6d68090fedf0f47b27aff4b4eaf,c186ebe3937470a2f562a2dc0bc74dd7,5,,,2017-12-05 00:00:00,2017-12-07 23:34:56,db46052aed7dff59ba38cf2fe29b87f9,cama_mesa_banho,56.0,509.0,4.0,6350.0,45.0,15.0,35.0,moveis_sala,furniture_living_room,a81466620e46a6970b22ef40379fdfc9,88730,sao ludgero,SC
0ccd415657ae8a6cd1c71b00155a019e,66cc90195ca44cc7ac6a1cd0e1e1e7b2,7053,guarulhos,SP,1009,-23.54569153926945,-46.635866061486446,sao paulo,SP,d22e9fa5731b9e30e8b27afcdc2f8563,756fb9391752dad934e0fe3733378e57,delivered,2018-08-04 23:25:30,2018-08-04 23:35:13,2018-08-06 15:03:00,2018-08-13 23:34:42,2018-09-13 00:00:00,001ab0a7578dd66cd4b0a71f5b6e1e41,2,0b0172eb0fd18479d29c3bc122c058c2,5656537e588803a555b8eb41f07a944b,2018-01-04 02:33:42,24.89,17.63,c10d412026c4077b8e83acf0fea04eee,1,credit_card,1,266.16,86c5cfa7fcbde303f704b60a78ced7d6,a6456e781cb962cc3f412b04de4fed7b,5,Entrega perfeita,Muito bom. muito cheiroso.,2018-06-13 00:00:00,2018-06-14 17:29:03,b864b103180d5a6a3f830e67f93e8735,bebes,47.0,980.0,4.0,600.0,70.0,11.0,11.0,construcao_ferramentas_iluminacao,construction_tools_lights,5c030029b5916fed0986310385ec9009,88075,sao jose,SC
c532a74a3ebf1bacce2e2bcce3783317,91ec50a00ae74d0a229d2efdf4344e1e,14026,ribeirao preto,SP,1046,-23.54608112703553,-46.64482029837157,sao paulo,SP,ee64d42b8cf066f35eac1cf57de1aa85,caded193e8e47b8362864762a83db3c5,shipped,2018-06-04 16:44:48,2018-06-05 04:31:18,2018-06-05 14:32:00,,2018-06-28 00:00:00,001ab0a7578dd66cd4b0a71f5b6e1e41,3,0b0172eb0fd18479d29c3bc122c058c2,5656537e588803a555b8eb41f07a944b,2018-01-04 02:33:42,24.89,17.63,56c3277583e16009c925fdf116df420f,1,boleto,1,31.38,6f3eb43ec2f5092cf04c8d705864a8ac,f3a9c397a2fa5a2366b4b96bc15737f6,5,,,2018-03-11 00:00:00,2018-03-14 00:38:50,7a8dac4aaa16bc642e4df33adcf03303,cool_stuff,38.0,1701.0,2.0,11750.0,18.0,40.0,79.0,industria_comercio_e_negocios,industry_commerce_and_business,c0f783394e37cd9c9d7f5f81141450fa,13416,piracicaba,SP
19cecb194f54e614b70d971306a9931b,d251c190ca75786e9ab937982d60d1d4,30320,belo horizonte,MG,1050,-23.54874766250217,-46.64239136704376,sao paulo,SP,6ebaec694d7025e2ad4a05dba887c032,4f28355e5c17a4a42d3ce2439a1d4501,delivered,2017-05-18 13:55:47,2017-05-18 14:05:17,2017-05-19 12:01:38,2017-05-29 12:47:20,2017-06-09 00:00:00,001ac194d4a326a6fa99b581e9a3d963,1,dbaee28f4ee64465838a229582d77520,ffc470761de7d0232558ba5e786e57b7,2018-07-10 02:51:10,54.0,8.54,0e0441786430b7cfcd0d91f822ea4c99,1,credit_card,1,121.49,3dc0777d97733a1d066f5b781e91577f,44a9994228432b835c3a4e720b6a41ab,4,,,2018-03-29 00:00:00,2018-03-31 00:13:07,83b9bc6aae6f527ff6aafb9e01d6cbf3,brinquedos,20.0,866.0,3.0,2550.0,22.0,32.0,38.0,alimentos,food,c353f8fc0ce8344999f17d578eb69a5e,90850,porto alegre,RS
f34a6e874087ec1f0e3dab9fdf659c5d,233896de79986082f1f479f1f85281cb,38300,ituiutaba,MG,1032,-23.54119147654225,-46.63499346058632,sao paulo,SP,d17dc4a904426827ca80f2ccb3a6be56,569cf68214806a39acc0f39344aea67f,delivered,2017-05-14 20:28:25,2017-05-14 20:42:45,2017-05-16 08:17:46,2017-05-25 09:14:31,2017-06-12 00:00:00,001b76dd48a5b1eee3e87778daa40df8,1,dbb67791e405873b259e4656bf971246,9c0e69c7bf2619675bbadf47b43f655a,2018-04-02 17:50:17,81.99,13.01,6ffb3f1686bceae3466facf7e02ce3fb,1,credit_card,1,32.0,e363a3c172db72d6a8b82d0726cd2ddb,1a36784e5c696071dad8a242f26b230f,5,,,2018-01-25 00:00:00,2018-02-18 23:03:20,5f504b3a1c75b73d6151be81eb05bdc9,cool_stuff,38.0,1176.0,3.0,15350.0,47.0,40.0,47.0,artes,art,8444e55c1f13cd5c179851e5ca5ebd00,37584,congonhal,MG
c132855c926907970dcf6f2bf0b33a24,a8ae36a2bb6c2bbc3b5d62ede131c9ef,18740,taquarituba,SP,1020,-23.552549496537548,-46.63163152553523,sao paulo,SP,25f4376934e13d3508486352e11a5db0,12fd2740039676063a874b9567dfa651,delivered,2018-05-17 16:59:11,2018-05-18 01:17:39,2018-05-18 13:02:00,2018-05-21 15:22:11,2018-05-25 00:00:00,001c85b5f68d2be0cb0797afc9e8ce9a,1,84f456958365164420cfc80fbe4c7fab,4a3ca9315b744ce9f8e9374361493884,2017-11-29 22:38:47,99.0,13.71,afef48d3c8a0b1b7c9b7f8f922fb5674,1,credit_card,5,153.41,890ec1767be8eb104877db6d68eaade5,b3271f5ebce80cbecb67c5b88487a44a,5,,"otimo vendedor chegou ate antes do prazo , adorei o produto",2017-05-13 00:00:00,2017-05-14 02:57:19,bbf920aa6ac72007a726e6f419156f8f,moveis_decoracao,42.0,303.0,2.0,1300.0,25.0,16.0,25.0,moveis_quarto,furniture_bedroom,28a26ebce31d5918b181ede016fd693b,31950,belo horizonte,MG
df85b96ba2ce3e49bde101b1614f52ac,8d46223c91cbeb93e0930ca8bd8ffca2,83085,sao jose dos pinhais,PR,1006,-23.55052430835593,-46.63669363835193,sao paulo,SP,5820a1100976432c7968a52da59e9364,2b56e94c2f66f2d97cfa63356f69cee8,delivered,2018-07-29 11:24:17,2018-07-29 11:44:19,2018-07-30 13:47:00,2018-08-02 22:09:11,2018-08-13 00:00:00,001d8f0e34a38c37f7dba2a37d4eba8b,1,e67307ff0f15ade43fcb6e670be7a74c,f4aba7c0bca51484c30ab7bdc34bcdd1,2017-05-18 17:35:11,18.99,7.78,c0db7d31ace61fc360a3eaa34dd3457c,1,credit_card,5,65.71,23f570a1b0db9566bee04521a0410c54,82c5edeff15e09a0460d292874766132,5,,,2017-09-22 00:00:00,2017-09-23 13:57:39,c3b7e4d83e530c27a8e6368296aece48,moveis_decoracao,60.0,1972.0,2.0,850.0,69.0,11.0,11.0,livros_interesse_geral,books_general_interest,41ab63a91b8b264e8c8780368bf1dd5b,31555,belo horizonte,MG
4d27341acd30a36bca39008ee9bb9050,e021e698833bdeb89dfef3acb2e91f37,89254,jaragua do sul,SC,1034,-23.54239162719593,-46.63770927785183,sao paulo,SP,2ce1ad82022c1ba30c2079502ac725aa,7f2178c5d771e17f507d3c1637339298,delivered,2017-08-09 20:19:05,2017-08-11 04:15:29,2017-08-11 17:52:32,2017-08-16 17:16:44,2017-08-31 00:00:00,001d8f0e34a38c37f7dba2a37d4eba8b,2,e67307ff0f15ade43fcb6e670be7a74c,f4aba7c0bca51484c30ab7bdc34bcdd1,2017-05-18 17:35:11,18.99,7.78,d574338f566ca28dd67820f48ec1f1d8,1,credit_card,4,278.22,7d9ac3e98adc0c8ad579e6a2257d79f9,dfa48852c93427261c98fb2e01f33bea,5,,Processo de compra tranquilo e eficiente.,2018-04-24 00:00:00,2018-04-25 16:01:03,c5d8079278e912d7e3b6beb48ecb56e8,beleza_saude,60.0,330.0,1.0,1300.0,19.0,28.0,17.0,construcao_ferramentas_seguranca,construction_tools_safety,8759e7aedd644f487315e5860962f162,9251,santo andre,SP
d3b6830d18c7de943d1e707d1f061d40,27cf4b153010911a0957150255a6c6db,5351,sao paulo,SP,1020,-23.552482452132203,-46.62938955675458,sao paulo,SP,138849fd84dff2fb4ca70a0a34c4aa1c,9b18f3fc296990b97854e351334a32f6,delivered,2018-02-01 14:02:19,2018-02-03 02:53:07,2018-02-06 19:13:26,2018-02-14 13:41:59,2018-02-23 00:00:00,001daeb0eddc45b999bad0801ad9d273,1,30c01cc81c9eb80469371743813789cc,f45122a9ab94eb4f3f8953578bc0c560,2017-05-25 02:15:20,38.33,16.79,1807cc736321f14baa58ef39cf6e5989,1,credit_card,4,91.66,c41bd21983e298a240410ebb391bf075,9562b424b05978a493db2a5122ecab1f,5,,Tomara q dure pois é de pelinho.,2017-05-19 00:00:00,2017-05-21 03:04:35,5eaa343860dc445b3fd43d1b682809fd,esporte_lazer,53.0,3218.0,5.0,4800.0,60.0,30.0,15.0,fashion_underwear_e_moda_praia,fashion_underwear_beach,e546117ed9cafbc40239c0c78635c584,4705,sao paulo,SP
79de53946db384e2d7a9bd131792ad17,7ce5b57a120a2da6a804afa58ffcbfb5,39406,montes claros,MG,1047,-23.54660531805078,-46.641982174447385,sao paulo,SP,47aa4816b27ba60ec948cd019cc1afc1,148348ff65384b4249b762579532e248,delivered,2018-06-26 13:42:52,2018-06-27 08:35:32,2018-06-27 13:20:00,2018-07-03 18:37:46,2018-07-20 00:00:00,001dbc16dc51075e987543d23a0507c7,1,777d2e438a1b645f3aec9bd57e92672c,4a3ca9315b744ce9f8e9374361493884,2017-02-01 13:17:57,69.9,18.0,e8977f709bbb0367f51b589e6325f991,1,credit_card,1,132.51,e233e51d11511bf30e568c76360ace52,548df2c6e5f089574614894bca78acf5,1,,"recebi somente 1 controle Midea Split ESTILO.
Faltou Controle Remoto para Ar Condicionado Consul",2018-01-28 00:00:00,2018-02-04 11:06:15,b5cfb1d3c5e435a7a52227e08f220ee7,cool_stuff,55.0,410.0,2.0,1300.0,36.0,16.0,24.0,fashion_esporte,fashion_sport,d71d863e5ef30d94e440c11be17dcd8f,6144,osasco,SP
a562ab1e728449e3461829dfe2e36f73,d33eeadf54cb883e79be640f38c32cdc,14860,barrinha,SP,1042,-23.54487359810152,-46.64030309449483,sao paulo,SP,9faeb9b2746b9d7526aef5acb08e2aa0,79183cd650e2bb0d475b0067d45946ac,delivered,2018-07-26 14:39:59,2018-07-26 14:55:10,2018-07-27 12:04:00,2018-07-31 22:26:55,2018-08-16 00:00:00,001e7ba991be1b19605ca0316e7130f9,1,884fa3cd42986ba480ea2f8ae4e25ff7,3340ef1913fb70d28420f6ceb685c339,2017-03-23 11:47:37,195.0,18.21,2e2c60b99754ae1e4d8b18846cfec9f2,1,credit_card,4,542.66,1a74d76543e1b419b48daebee364c281,14861b02076ed7da9471988265a0104b,5,,,2018-07-14 00:00:00,2018-07-16 20:09:42,334479e94cba98064050db1c9636e244,automotivo,57.0,311.0,1.0,220.0,18.0,14.0,17.0,sinalizacao_e_seguranca,signaling_and_security,0c7533c71df861ec58ad7ff999ed0e8d,13270,valinhos,SP
b64ed91eab98972150bdaf77ca921934,3da7750bf3c1dbd724624a60a9f5942b,21310,rio de janeiro,RJ,1034,-23.542908915344253,-46.63679724785041,sao paulo,SP,641fb0752bf5b5940c376b3a8bb9dc52,f5afca14dfa9dc64251cf2b45c54c363,delivered,2017-12-15 00:06:10,2017-12-15 00:14:55,2017-12-19 01:58:00,2018-01-03 15:09:32,2018-01-16 00:00:00,001e7cf2ad6bef3ade12ebc56ceaf0f3,1,bdcf6a834e8faa30dac3886c7a58e92e,2a84855fd20af891be03bc5924d2b453,2018-05-22 10:59:50,35.9,15.2,1ffb3c1929b16d9c1aec1958e11b3e9b,1,boleto,1,166.04,1edd1a85161468a77e5fcb165be9b294,d8e17cc85323061493b16b68a130bcff,5,Ótimo,,2018-06-02 00:00:00,2018-06-02 23:15:37,3fcd8dfe610c62edfb51de2630cd9ef4,bebes,50.0,509.0,4.0,5700.0,41.0,17.0,49.0,pcs,computers,ef990a83bbea832f36ebe81376335aa8,89214,joinville,SC
8247b5583327ab8be19f96e1fb82f77b,d85547cd859833520b311b4458a14c1c,23970,parati,RJ,1047,-23.54599881709849,-46.640834743407,sao paulo,SP,e425680f760cbc130be3e53a9773c584,f178c1827f67a8467b0385b7378d951a,delivered,2017-08-31 08:15:24,2017-08-31 08:30:17,2017-08-31 20:06:14,2017-09-04 20:59:55,2017-09-20 00:00:00,0020262c8a370bd5a174ea6a2a267321,1,a5341e3f8155dbb3e62323d3ea289729,ff063b022a9a0aab91bad2c9088760b7,2017-12-04 09:58:07,79.5,21.05,95442deb81a5d91c97c0df96b431634a,1,boleto,1,368.98,94c4db81ff5c234f53b54a15a8a41583,3fb155b4897652f5cdf1b5efff32a465,5,,,2017-12-15 00:00:00,2017-12-17 14:43:35,4c8056caed5757810b9a68b83c3759e6,malas_acessorios,53.0,1291.0,2.0,450.0,20.0,40.0,30.0,artigos_de_natal,christmas_supplies,41e0fa5761c886a630994a55c12087e7,11446,guaruja,SP
8fcaa9368903f3a9a28aeaff28c14638,3af0b2f7654f613ff1527b997a2ac57e,79804,dourados,MS,1035,-23.54020455565808,-46.64414705704306,sao paulo,SP,40c5e18f7d112b59b3e5113a59a905b3,67407057a7d5ee17d1cd09523f484d13,delivered,2018-06-11 10:25:52,2018-06-11 10:58:32,2018-06-14 13:03:00,2018-06-19 00:31:13,2018-07-16 00:00:00,0020a222f55eb79a372d0efee3cca688,1,e19ddcc85537b41f22116c8d5425ef46,8a32e327fe2c1b3511609d81aaf9f042,2017-08-21 03:03:44,29.99,15.1,10af96a0689260134307879127ac1952,1,credit_card,2,113.2,3d94fd645cdaacc8c9f0dc0a2a1f5166,4d483bf690ca21bdc005df9b623673c7,5,,boa,2017-03-21 00:00:00,2017-03-22 00:58:49,30e77af9e7759bbaa0305d2fbc605dc4,fashion_calcados,60.0,402.0,2.0,2000.0,32.0,12.0,37.0,fashion_roupa_feminina,fashio_female_clothing,0747d5bb69f0586cc869d8af4c50f93e,28990,saquarema,RJ
a9b0d1c26105279e1b8edc63d06bd668,3d49f4455a3947c8dd7e972b3ad8cb76,5017,sao paulo,SP,1027,-23.538670334439413,-46.62934557285476,sao paulo,SP,734e7d1bbaeb2ff82521ca0fe6fb6f79,2932d241d1f31e6df6c701d52370ae02,delivered,2018-06-11 08:18:19,2018-06-11 08:31:50,2018-06-11 14:54:00,2018-06-14 21:32:21,2018-07-05 00:00:00,002175704e8b209f61b9ad5cfd92b60e,1,e6b6e13cf71449a457269f425b89dc74,b2ba3715d723d245138f291a6fe42594,2018-04-26 12:30:57,109.9,13.21,85eef2d342b0de363c45c1bc324729c5,1,credit_card,3,99.43,cb6fe4f91f83d9222b7c8e14959055e1,84226f5c73669d7711ca44aa9cac602a,3,,,2018-05-10 00:00:00,2018-05-13 22:51:53,92bf5d2084dfbcb57d9db7838bac5cd0,telefonia,51.0,427.0,2.0,100.0,19.0,3.0,11.0,eletrodomesticos_2,home_appliances_2,7d294cf9a6a69dc6a0c3e540fff0e039,88390,barra velha,SC
aa9f03ecd3728c9bd12e6d962c66c7cb,b03e9d9818ee170e9d6b983803c7d406,75388,trindade,GO,1046,-23.54638197224308,-46.642893706619056,são paulo,SP,66e4624ae69e7dc89bd50222b59f581f,684fa6da5134b9e4dab731e00011712d,delivered,2018-03-09 14:50:15,2018-03-09 15:40:39,2018-03-15 00:31:19,2018-04-03 13:28:46,2018-04-02 00:00:00,00229e4e43f7a7e0b9dd819ad43268d3,1,13fcfc313dfb2217e5ee3000a702f9ef,c3cfdc648177fdbbbb35635a37472c53,2018-04-10 16:50:11,74.9,16.49,aa964845f1de8125410aea8b73e9e1ec,1,credit_card,2,27.35,45a523faa4defdf60118a90301b8a23e,26c4ac9998f72d4fcdca3c6e27089f1b,3,,,2017-10-27 00:00:00,2017-10-27 16:12:52,fdeb34a9f03fea7c3937dd62d1d0287e,cool_stuff,58.0,1252.0,1.0,1100.0,30.0,20.0,23.0,livros_importados,books_imported,c89cf7c468a48af70aada384e722f9e2,25730,petropolis,RJ
230c0d740401730c7197d16376893525,a302a693d5722d95984e6472150b9391,85808,cascavel,PR,1042,-23.54505164917197,-46.64007245239201,sao paulo,SP,a685d016c8a26f71a0bb67821070e398,911e4c37f5cafe1604fe6767034bf1ae,delivered,2017-03-13 18:14:36,2017-03-13 18:14:36,2017-03-22 14:03:09,2017-04-06 13:37:16,2017-03-30 00:00:00,0025081dcf9330f9a5052ae82c6ce396,1,4e3f399366b0047a572b6682f9bb166e,5f3ae9136c875522250f8184f253413a,2018-04-02 16:35:20,14.95,18.23,343348b1e29e9fa9e7b6ab1027f9177d,1,credit_card,4,43.77,6eab2c9b7ea4975a0b0357a4c464b356,55101b36a58251926b6cbfdb540c0461,4,,,2018-05-31 00:00:00,2018-06-04 23:44:16,1065dbb6b0bf03daaedab1236979e296,papelaria,49.0,488.0,3.0,1400.0,38.0,40.0,39.0,bebidas,drinks,b7ba853e9551f4558440881fd3e5c815,95500,santo antonio da patrulha,RS
a905baa530258422594f1b05615bd225,c80da60feddb7cf8325bd104032e314a,60140,fortaleza,CE,1040,-23.540316757429707,-46.63735536871719,sao paulo,SP,2edfd6d1f0b4cd0db4bf37b1b224d855,241e78de29b3090cfa1b5d73a8130c72,delivered,2017-06-13 21:11:26,2017-06-15 03:05:45,2017-06-16 14:55:37,2017-06-19 18:51:28,2017-07-06 00:00:00,00254baeb6c932b0a8aeead91fbd02b5,1,18901878788fec7ddc55e64d1ace8187,e8b4225284fbb02d16f200513f1f395d,2018-05-14 22:14:46,149.9,43.11,ad4098a257676ea4d394fb3bbbf36ca3,1,credit_card,2,68.49,500c05500aa275953129f49799ee5c73,8a9424899aac432d80d8e580932b5ee9,5,MT lindo,MT lindo,2018-07-25 00:00:00,2018-07-25 21:37:22,0d826eba8e0a2ae3bca9e3a947dd756d,brinquedos,50.0,423.0,4.0,250.0,20.0,14.0,12.0,cine_foto,cine_photo,13c2ed7698b3ca92dad49e849219da59,84010,ponta grossa,PR
4fa19f7da692e6bf9602aaad3c372eda,a2b8841410cf77619574d311cd06fd5e,72270,brasilia,DF,1046,-23.54639669248079,-46.64305934055624,sao paulo,SP,68873cf91053cd11e6b49a766db5af1a,4632eb5a8f175f6fe020520ae0c678f3,delivered,2017-11-30 22:02:15,2017-12-02 02:51:18,2017-12-04 22:07:01,2017-12-05 20:28:40,2017-12-18 00:00:00,00259a44fcad3fc0474329e925d14fc3,1,0c4d0a08f95c7b7dc5dc7402bfdafd4c,9f505651f4a6abe901a56cdc21508025,2018-01-03 17:59:35,19.99,14.1,3e0c3cab458e8b3cc8d1d38ecb7e7775,1,credit_card,2,105.53,399133d47ddc5f40df57c1ceba4e4540,603d76b730c972775ccf2a910bf23490,5,,,2018-04-03 00:00:00,2018-04-03 23:39:36,f8f6fd145cc00519283cf3100477b2b3,esporte_lazer,47.0,956.0,1.0,1050.0,25.0,20.0,14.0,la_cuisine,la_cuisine,cbbd5ae8f53de5f5097cd8217b529e24,6544,santana de parnaiba,SP
03f846ad03437d864a8d2a22976dcafe,7677c213007e9a6ec9267ea50b5ce5bc,2075,sao paulo,SP,1017,-23.54981334999131,-46.63035027254893,sao paulo,SP,f346ad4ee8f630e5e4ddaf862a34e6dd,dd5095632e3953fc0947b8ab5176b0be,delivered,2018-08-05 13:09:48,2018-08-05 13:24:34,2018-08-06 13:41:00,2018-08-10 18:35:40,2018-08-15 00:00:00,0025c5d1a8ca53a240ec2634bb4492ea,1,35537536ed2b4c561b4018bf3abf54e0,955fee9216a65b617aa5c0531780ce60,2018-07-10 09:30:09,390.0,29.39,3ab4eea6776259ae8dfbabaeffece352,1,credit_card,8,387.8,6a0969d0769d2f3ff6438809a1cc455e,32638fbca8d1a197e649fd5138e12049,5,,"Ocorreu tudo como contratado sendo a entrega realizada antes do prazo 
 Estou satisfeita
",2017-06-02 00:00:00,2017-06-03 13:12:07,4e04ffb7dd3739ecfc37de8927dd586c,papelaria,59.0,144.0,1.0,500.0,24.0,7.0,16.0,musica,music,02ecc2a19303f05e59ce133fd923fff7,9121,santo andre,SP
de4e13fd7d6469c5ada77d0843c55e42,0c17f9ac28cbd7323f0f4043e9db5907,96015,pelotas,RS,1026,-23.539494799586286,-46.63284391414975,são paulo,SP,8f06cc6465925031568537b815f1198d,9916715c2ab6ee1710c9c32f0a534ad2,delivered,2017-11-15 11:31:41,2017-11-15 11:46:42,2017-11-16 22:03:00,2017-11-22 22:41:07,2017-12-05 00:00:00,002611a77fe03d076285fd4ca95db77c,1,fe077ec80df6b4ee60bb4498d5ab1962,87142160b41353c4e5fca2360caf6f92,2018-03-07 02:49:09,135.0,21.75,10d9871bed9fb8d0887d3b9022edd1ff,1,boleto,1,84.14,8a64945e89526e68bc16383391590232,71960e6af960919256a958a3633e1040,5,,"Amei achei lindo ,muito delicado adorei",2018-04-18 00:00:00,2018-04-18 22:30:45,36555a2f528d7b2a255c504191445d39,beleza_saude,51.0,1069.0,1.0,1467.0,23.0,16.0,20.0,casa_conforto_2,home_comfort_2,c013e57c075a06e5b5c48ee03c525719,13568,sao carlos,SP
8276de07ef25225d412b8462d73f8664,332cf4e83e16004ba7dca932ce82475b,90010,porto alegre,RS,1033,-23.539147179866543,-46.63583236462368,sao paulo,SP,ccbabeb0b02433bd0fcbac46e70339f2,c77ee2d8ba1614a4d489a44166894938,delivered,2018-02-19 20:31:09,2018-02-21 06:15:25,2018-02-22 21:04:23,2018-03-09 22:22:25,2018-03-13 00:00:00,002691433f09002ac9ca0c4e8dbb8ead,1,430d215740da7fdda91cc938f8fd92f6,0887a9f087bcd5d9f6642b52f897fc6c,2017-02-06 21:18:03,104.0,16.43,c108072ab31ec90a754129c171577f5f,1,credit_card,4,210.82,ca7402594d96f3231ee1bbae27da1e29,36782087b0d4f8cd6daa340872006259,5,,,2018-02-20 00:00:00,2018-02-21 01:40:57,22937a73f92a33040ab4e2540355a5d8,fashion_bolsas_e_acessorios,50.0,554.0,3.0,100.0,16.0,5.0,11.0,portateis_casa_forno_e_cafe,small_appliances_home_oven_and_coffee,55f7a3319d80f7fdf078b8f03e6725fe,6056,osasco,SP
cc32707d2e2f7c92ab449f9b28154809,0d516ca029d6a28d5cfddd80b27a26dc,22440,rio de janeiro,RJ,1036,-23.541700023861782,-46.64131782056096,sao paulo,SP,688052146432ef8253587b930b01a06d,81e08b08e5ed4472008030d70327c71f,delivered,2018-04-22 08:48:13,2018-04-24 18:25:22,2018-04-23 19:19:14,2018-04-24 19:31:58,2018-05-15 00:00:00,0026a368634b6e6f34f33b1499773a30,1,892832da5b05b0f54578e1f14f193c22,12b9676b00f60f3b700e83af21824c0e,2017-11-10 21:26:45,149.0,15.8,fc662bafa52d2ef16078f6f6141009d6,1,boleto,1,90.05,c0dbf9a325d2a2fece43873be47191e1,b324f4270850cbba23533b9a9d3434a9,4,,"Ótima loja para parceria: rápidíssima, produtos bem embalados e de qualidade! Só o custo do frete que foi meio azedo.",2018-04-04 00:00:00,2018-04-06 15:43:39,dc21247da0290904ffbbcd5953c76f95,papelaria,41.0,92.0,1.0,100.0,16.0,5.0,16.0,cds_dvds_musicais,cds_dvds_musicals,2d50d6282f8aa2257819a77bfaa0efe0,14940,ibitinga,SP
a02f66c3af7b16eec19ddcd98b645fe3,b3548d0cec408ae13d143bb4eeebaa6c,13323,salto,SP,1046,-23.54608112703553,-46.64482029837157,sao paulo,SP,f271576bed568e896f99eb710cd3a6f8,5dda11942d4f77bee3a46d71e442aec4,delivered,2018-01-07 21:44:54,2018-01-07 21:51:28,2018-01-10 21:56:09,2018-01-17 20:26:31,2018-02-14 00:00:00,00275bce676303c3bfd7292aefdfa223,1,6490b9f63b0b595e1c1402b46b0f50ad,99eaacc9e6046db1c82b163c5f84869f,2017-12-04 03:32:47,279.9,13.46,4217849b1ff18a9270fe048eabc4dc45,1,credit_card,1,67.88,9924ac6169f2edc95ca3394e529f9580,a3ba7fa5266d62188949da3d6ccc3884,5,,,2018-02-27 00:00:00,2018-03-02 08:33:35,9020ce7adcc384b2899ae87ddc54767b,papelaria,43.0,198.0,2.0,300.0,23.0,7.0,15.0,dvds_blu_ray,dvds_blu_ray,b7e1750c1157341d2abd0251e07c186b,5741,sao paulo,SP
26acee41e2f75689a5615892f06ea0bd,c3293e875ffb1116018edf76d24e52a2,30190,belo horizonte,MG,1009,-23.54693540437998,-46.63658792659698,sao paulo,SP,686541986ecfb7d9296eb67719973bf0,74805bc388861fa350ed2fade8444e0b,delivered,2018-02-10 13:26:59,2018-02-10 13:35:31,2018-02-14 20:47:38,2018-02-20 22:13:08,2018-03-12 00:00:00,00276d5c3491fbf55305e26891040df9,1,71c89e9d8fa274b017279aa322cd0e19,8f78f0903005064036736c7173a5c2ed,2018-02-27 11:55:57,44.9,23.22,795c16acb4e3c30dfa5b6827727ef488,1,credit_card,2,37.58,e12a8d938f3092e010627d001f91d137,b3dca2e199b13ddabab4ed77d79ee9f6,5,,,2018-06-03 00:00:00,2018-06-06 12:41:24,bfc1d1c62b1f7f401d8d9dda962bb870,esporte_lazer,50.0,255.0,2.0,950.0,60.0,15.0,15.0,flores,flowers,b90e891671cffd9557f33a97dc523645,83010,sao jose dos pinhais,PR
f64cdee66599119324ce57a97e43700d,d89e05e2d23c3d8247aeecd07758004b,13212,jundiai,SP,1046,-23.54608112703553,-46.64482029837157,sao paulo,SP,68e48e68da1f50f7c5838ea75e3a20dd,4afc1dcca5fe8926fc97d60a4497f8ab,delivered,2018-06-18 16:02:23,2018-06-18 17:00:57,2018-06-19 15:55:00,2018-06-22 21:18:51,2018-07-13 00:00:00,002834535f7a609a5c68266f173fa59e,1,df3655ac9aa8c6cbfa63bdd8d3b09c50,ea8482cd71df3c1969d7b9473ff13abc,2018-07-26 17:44:36,37.99,19.18,55e2d723733c45033e71cb4d44690234,1,boleto,1,89.63,109b5ce2dd11bb8460eff3b86da6fefc,25362fbf6aac4b01a28dee1e076acc26,5,Ótimo Produto! ,Recomendo o vendedor... ,2018-08-17 00:00:00,2018-08-17 21:47:08,6fef6d87bb6c2eb11d57a967209219a8,ferramentas_jardim,33.0,200.0,1.0,250.0,17.0,3.0,11.0,artes_e_artesanato,arts_and_craftmanship,a416b6a846a11724393025641d4edd5e,3702,sao paulo,SP
7ab7a537b678b6dd73d825ff6ee7be9d,dad5018ffc0de85eb72f72575b552784,29307,cachoeiro de itapemirim,ES,1047,-23.546774768769357,-46.64251431141433,são paulo,SP,b52cc4919de82b4d696a4380d10804a3,be8c14c16a4d47194ccdfe10f1fc5b1a,delivered,2018-06-13 13:47:39,2018-06-15 02:37:29,2018-06-15 14:22:00,2018-06-18 22:32:44,2018-06-26 00:00:00,0028de0ca693a1bb26448916a81105cc,1,059344baebbeaa42fa9f2bbe11b1583e,955fee9216a65b617aa5c0531780ce60,2018-08-21 03:35:17,29.99,15.31,947e9c6bfd83a06953c420ef92d3da6e,1,voucher,1,69.46,6d06808638ec0701bccd70bc8d462c28,97d2f8fe76f2f253b8291e17b5383884,1,,"O produto não chegou no prazo estipulado e causou transtorno, pq programei a viagem de férias do meu filho, baseado no prazo. Moro na Bahia e ele em Cuiabá sozinho. Agora, a casa está vazia. ",2016-12-09 00:00:00,2016-12-19 14:10:43,1e5428c428e0f783acd6e3d94ba4ee2a,pcs,55.0,1067.0,1.0,12000.0,27.0,50.0,53.0,fraldas_higiene,diapers_and_hygiene,7e93a43ef30c4f03f38b393420bc753a,6429,barueri,SP
7300450cedf7e4c35c243c4a03c1e8a6,95700615deef776ed32faa08f0be634e,12280,cacapava,SP,1045,-23.542925000621707,-46.643423947383695,sao paulo,SP,fdf128b3630c21adc9ca4fb8a51b68ec,a9d37ddc8ba4d9f6dbac7d8ec378cc95,delivered,2018-07-15 08:33:19,2018-07-16 14:31:10,2018-07-17 15:33:00,2018-07-24 16:41:18,2018-08-02 00:00:00,002955b0acc63d04f6724a31967e82bd,1,d9bdf643d95cb89844c0da1a0df1d16e,058fd0aa2bfdb2274e05e1ae971dabb6,2017-12-22 15:51:31,120.0,15.59,60e43c5f5ba559d9dd19357ed72cb2f2,1,credit_card,2,78.3,750d4311e8ddb6cba549ee86f06f0cca,4b32a4cdfc1b80066a8ee3a4b7a2094f,5,,"Produto entregue como solicitado, e com muita brevidade. Parabéns!
",2017-08-09 00:00:00,2017-08-09 12:03:45,94080f9219044d897195e2be145945dc,automotivo,60.0,1543.0,6.0,921.0,17.0,9.0,16.0,fashion_roupa_infanto_juvenil,fashion_childrens_clothes,5206cc4bc2297c833e6061c49bf9c43f,6192,osasco,SP
4c7241af24b5344cb01fe687643de4fe,b157c176c3fe04914fde33f2dc8b878a,60336,fortaleza,CE,1014,-23.547082268784923,-46.63340844117833,sao paulo,SP,a6aeb116d2cb5013eb8a94585b71ffef,bb2f5e670f7155dc622c57e4b31d0a69,delivered,2017-09-13 14:27:11,2017-09-13 14:44:39,2017-09-15 18:42:29,2017-09-16 15:40:08,2017-09-25 00:00:00,0029c5db35ef291ce99d1262012e7daa,1,7614c62b86a81021243e438cfde78ccc,900ba814c251a692506d7834c1218441,2018-09-03 03:50:23,492.75,21.62,e3e9e3295f4e1512167c232a0aaae8a5,1,voucher,1,50.8,951a3591f5bcc0b0c558461c9bf49d8e,801524a8fbd37484e8d8c23448f113b5,3,,,2018-07-14 00:00:00,2018-07-14 21:04:31,d0389f20b3d11de54e1e4561df147683,casa_construcao,55.0,1441.0,1.0,10000.0,60.0,25.0,25.0,seguros_e_servicos,security_and_services,f410c8873029fcc3809b9df6d0b28914,95076,caxias do sul,SP
